{
  "properties": {
    "connectionReferences": {
      "shared_teams": {
        "runtimeSource": "invoker",
        "connection": {
          "connectionReferenceLogicalName": "pagacz_sharedteams_9417c"
        },
        "api": {
          "name": "shared_teams"
        }
      },
      "shared_sharepointonline": {
        "runtimeSource": "invoker",
        "connection": {
          "connectionReferenceLogicalName": "pagacz_sharedsharepointonline_66202"
        },
        "api": {
          "name": "shared_sharepointonline"
        }
      }
    },
    "definition": {
      "$schema": "https://schema.management.azure.com/providers/Microsoft.Logic/schemas/2016-06-01/workflowdefinition.json#",
      "contentVersion": "1.0.0.0",
      "parameters": {
        "$connections": {
          "defaultValue": {},
          "type": "Object"
        },
        "$authentication": {
          "defaultValue": {},
          "type": "SecureObject"
        }
      },
      "triggers": {
        "manual": {
          "metadata": {
            "operationMetadataId": "4a1c1f73-a5d8-48af-9717-44cd2c5d65d0",
            "flowSystemMetadata": {
              "swaggerOperationId": "ComposeAMessageV2",
              "taskModuleWidth": null,
              "taskModuleHeight": null,
              "inputsAdaptiveCard": "{\"$schema\":\"http://adaptivecards.io/schemas/adaptive-card.json\",\"type\":\"AdaptiveCard\",\"version\":\"1.3\",\"body\":[{\"type\":\"TextBlock\",\"text\":\"Create event in calendar\",\"weight\":\"Default\",\"size\":\"Medium\",\"color\":\"Default\",\"fontType\":\"Monospace\",\"height\":\"stretch\"},{\"type\":\"TextBlock\",\"text\":\"We just need a few more details to set event in calendar for you.\",\"isSubtle\":true,\"wrap\":true},{\"type\":\"TextBlock\",\"text\":\"Name of the event\",\"wrap\":true},{\"type\":\"Input.Text\",\"id\":\"eventName\",\"spacing\":\"None\"},{\"type\":\"TextBlock\",\"text\":\"Start date\",\"wrap\":true},{\"type\":\"Input.Date\",\"id\":\"eventStart\"},{\"type\":\"TextBlock\",\"text\":\"End date\"},{\"type\":\"Input.Date\",\"id\":\"eventEnd\"}],\"actions\":[{\"type\":\"Action.Submit\",\"title\":\"Submit\"}],\"-ms-tokens\":{}}"
            }
          },
          "type": "Request",
          "kind": "ApiConnection",
          "inputs": {
            "schema": {
              "type": "object",
              "properties": {
                "cardOutputs": {
                  "type": "object",
                  "properties": {
                    "eventName": {
                      "title": "eventName",
                      "type": "string"
                    },
                    "eventStart": {
                      "title": "eventStart",
                      "type": "string"
                    },
                    "eventEnd": {
                      "title": "eventEnd",
                      "type": "string"
                    }
                  }
                }
              },
              "required": [
                "cardOutputs"
              ]
            },
            "host": {
              "connection": {
                "name": "@parameters('$connections')['shared_teams']['connectionId']"
              }
            },
            "operationId": "ComposeAMessageV2",
            "parameters": {
              "inputsAdaptiveCard": "{\"$schema\":\"http://adaptivecards.io/schemas/adaptive-card.json\",\"type\":\"AdaptiveCard\",\"version\":\"1.3\",\"body\":[{\"type\":\"TextBlock\",\"text\":\"Create event in calendar\",\"weight\":\"Default\",\"size\":\"Medium\",\"color\":\"Default\",\"fontType\":\"Monospace\",\"height\":\"stretch\"},{\"type\":\"TextBlock\",\"text\":\"We just need a few more details to set event in calendar for you.\",\"isSubtle\":true,\"wrap\":true},{\"type\":\"TextBlock\",\"text\":\"Name of the event\",\"wrap\":true},{\"type\":\"Input.Text\",\"id\":\"eventName\",\"spacing\":\"None\"},{\"type\":\"TextBlock\",\"text\":\"Start date\",\"wrap\":true},{\"type\":\"Input.Date\",\"id\":\"eventStart\"},{\"type\":\"TextBlock\",\"text\":\"End date\"},{\"type\":\"Input.Date\",\"id\":\"eventEnd\"}],\"actions\":[{\"type\":\"Action.Submit\",\"title\":\"Submit\"}],\"-ms-tokens\":{}}"
            }
          }
        }
      },
      "actions": {
        "Create_item": {
          "runAfter": {},
          "metadata": {
            "operationMetadataId": "0b4e794f-53c1-4195-8cce-53f6e1983d5d"
          },
          "type": "OpenApiConnection",
          "inputs": {
            "host": {
              "connectionName": "shared_sharepointonline",
              "operationId": "PostItem",
              "apiId": "/providers/Microsoft.PowerApps/apis/shared_sharepointonline"
            },
            "parameters": {
              "dataset": "https://iammrrobot.sharepoint.com/sites/TestCommunicationSite",
              "table": "Events",
              "item/Title": "@triggerBody()?['cardOutputs']?['eventName']",
              "item/EventDate": "@triggerBody()?['cardOutputs']?['eventStart']",
              "item/EndDate": "@triggerBody()?['cardOutputs']?['eventEnd']"
            },
            "authentication": {
              "type": "Raw",
              "value": "@json(decodeBase64(triggerOutputs().headers['X-MS-APIM-Tokens']))['$ConnectionKey']"
            }
          }
        },
        "Respond_in_Teams_task_module": {
          "runAfter": {
            "Create_item": [
              "Succeeded"
            ]
          },
          "metadata": {
            "operationMetadataId": "f4a3b83b-2553-461d-a064-25a71c454b0d"
          },
          "type": "Response",
          "kind": "Teams",
          "inputs": {
            "statusCode": 200,
            "body": {
              "responseAdaptiveCard": "{\n    \"type\": \"AdaptiveCard\",\n    \"version\": \"1.2\",\n    \"body\": [\n        {\n            \"type\": \"TextBlock\",\n            \"text\": \"Event created\",\n            \"size\": \"Large\",\n            \"weight\": \"Bolder\"\n        },\n        {\n            \"type\": \"TextBlock\",\n            \"text\": \"Calendar event successfully created.\",\n            \"wrap\": true\n        },\n        {\n            \"type\": \"FactSet\",\n            \"facts\": [\n                {\n                    \"title\": \"Event Title\",\n                    \"value\": \"@{outputs('Create_item')?['body/Title']}\"\n                },\n                {\n                    \"title\": \"Start Date\",\n                    \"value\": \"@{outputs('Create_item')?['body/EventDate']}\"\n                },\n                {\n                    \"title\": \"End Date\",\n                    \"value\": \"@{outputs('Create_item')?['body/EndDate']}\"\n                }\n            ]\n        }\n    ],\n    \"actions\": [\n        {\n            \"type\": \"Action.OpenUrl\",\n            \"title\": \"View event\",\n            \"url\": \"https://iammrrobot.sharepoint.com/sites/TestCommunicationSite/_layouts/15/Event.aspx?ListGuid=db844d5c-1cf3-4c1b-a4c4-5d42f942bc0a&ItemId=@{outputs('Create_item')?['body/ID']}\"\n        }\n    ],\n    \"$schema\": \"http://adaptivecards.io/schemas/adaptive-card.json\"\n}"
            },
            "schema": {
              "type": "object",
              "properties": {
                "responseAdaptiveCard": {
                  "title": "Response Adaptive Card",
                  "type": "string"
                }
              }
            }
          }
        }
      }
    },
    "templateName": ""
  },
  "schemaVersion": "1.0.0.0"
}