{"name":"8cf8540e-8c1a-427d-818b-3fadc046c1b6","id":"/providers/Microsoft.Flow/flows/8cf8540e-8c1a-427d-818b-3fadc046c1b6","type":"Microsoft.Flow/flows","properties":{"apiId":"/providers/Microsoft.PowerApps/apis/shared_logicflows","displayName":"Create event in test calendar","definition":{"metadata":{"workflowEntityId":null,"processAdvisorMetadata":null,"flowclientsuspensionreason":"None","flowclientsuspensiontime":null,"flowclientsuspensionreasondetails":null,"creator":{"id":"ab440762-5ca3-49e6-99b7-5a71413d8987","type":"User","tenantId":"2f3f2aa4-1c73-45e0-abb0-9b15a79cceaa"},"provisioningMethod":"FromDefinition","failureAlertSubscription":true,"clientLastModifiedTime":"2022-11-08T23:42:44.1649848Z"},"$schema":"https://schema.management.azure.com/providers/Microsoft.Logic/schemas/2016-06-01/workflowdefinition.json#","contentVersion":"1.0.0.0","parameters":{"$connections":{"defaultValue":{},"type":"Object"},"$authentication":{"defaultValue":{},"type":"SecureObject"}},"triggers":{"manual":{"metadata":{"operationMetadataId":"73ef2745-efaf-4688-9055-51aa43d06b47","flowSystemMetadata":{"swaggerOperationId":"ComposeAMessageV2","taskModuleWidth":null,"taskModuleHeight":null,"inputsAdaptiveCard":"{\"$schema\":\"http://adaptivecards.io/schemas/adaptive-card.json\",\"type\":\"AdaptiveCard\",\"version\":\"1.3\",\"body\":[{\"type\":\"TextBlock\",\"text\":\"Create event in calendar\",\"weight\":\"Default\",\"size\":\"Medium\",\"color\":\"Default\",\"fontType\":\"Monospace\",\"height\":\"stretch\"},{\"type\":\"TextBlock\",\"text\":\"We just need a few more details to set event in calendar for you.\",\"isSubtle\":true,\"wrap\":true},{\"type\":\"TextBlock\",\"text\":\"Name of the event\",\"wrap\":true},{\"type\":\"Input.Text\",\"id\":\"eventName\",\"spacing\":\"None\"},{\"type\":\"TextBlock\",\"text\":\"Start date\",\"wrap\":true},{\"type\":\"Input.Date\",\"id\":\"eventStart\"},{\"type\":\"TextBlock\",\"text\":\"End date\"},{\"type\":\"Input.Date\",\"id\":\"eventEnd\"}],\"actions\":[{\"type\":\"Action.Submit\",\"title\":\"Submit\"}],\"-ms-tokens\":{}}"}},"type":"Request","kind":"ApiConnection","inputs":{"schema":{"type":"object","properties":{"cardOutputs":{"type":"object","properties":{"eventName":{"title":"eventName","type":"string"},"eventStart":{"title":"eventStart","type":"string"},"eventEnd":{"title":"eventEnd","type":"string"}}}},"required":["cardOutputs"]},"host":{"connection":{"name":"@parameters('$connections')['shared_teams']['connectionId']"},"api":{"runtimeUrl":"https://flow-apim-europe-002-northeurope-01.azure-apim.net/apim/teams"}},"operationId":"ComposeAMessageV2","parameters":{"inputsAdaptiveCard":"{\"$schema\":\"http://adaptivecards.io/schemas/adaptive-card.json\",\"type\":\"AdaptiveCard\",\"version\":\"1.3\",\"body\":[{\"type\":\"TextBlock\",\"text\":\"Create event in calendar\",\"weight\":\"Default\",\"size\":\"Medium\",\"color\":\"Default\",\"fontType\":\"Monospace\",\"height\":\"stretch\"},{\"type\":\"TextBlock\",\"text\":\"We just need a few more details to set event in calendar for you.\",\"isSubtle\":true,\"wrap\":true},{\"type\":\"TextBlock\",\"text\":\"Name of the event\",\"wrap\":true},{\"type\":\"Input.Text\",\"id\":\"eventName\",\"spacing\":\"None\"},{\"type\":\"TextBlock\",\"text\":\"Start date\",\"wrap\":true},{\"type\":\"Input.Date\",\"id\":\"eventStart\"},{\"type\":\"TextBlock\",\"text\":\"End date\"},{\"type\":\"Input.Date\",\"id\":\"eventEnd\"}],\"actions\":[{\"type\":\"Action.Submit\",\"title\":\"Submit\"}],\"-ms-tokens\":{}}"}}}},"actions":{"Create_item":{"runAfter":{},"metadata":{"operationMetadataId":"79619449-720e-42c5-aa16-83cc7f50348b"},"type":"OpenApiConnection","inputs":{"host":{"apiId":"/providers/Microsoft.PowerApps/apis/shared_sharepointonline","connectionName":"shared_sharepointonline","operationId":"PostItem"},"parameters":{"dataset":"https://iammrrobot.sharepoint.com/sites/TestCommunicationSite","table":"Events","item/Title":"@triggerBody()?['cardOutputs']?['eventName']","item/EventDate":"@triggerBody()?['cardOutputs']?['eventStart']","item/EndDate":"@triggerBody()?['cardOutputs']?['eventEnd']"},"authentication":{"value":"@json(decodeBase64(triggerOutputs().headers['X-MS-APIM-Tokens']))['$ConnectionKey']","type":"Raw"}}},"Respond_in_Teams_task_module":{"runAfter":{"Create_item":["Succeeded"]},"metadata":{"operationMetadataId":"f9aaa311-0a44-42ca-9f58-eb23ea88c770"},"type":"Response","kind":"Teams","inputs":{"statusCode":200,"body":{"responseAdaptiveCard":"{\n    \"type\": \"AdaptiveCard\",\n    \"version\": \"1.2\",\n    \"body\": [\n        {\n            \"type\": \"TextBlock\",\n            \"text\": \"Event created\",\n            \"size\": \"Large\",\n            \"weight\": \"Bolder\"\n        },\n        {\n            \"type\": \"TextBlock\",\n            \"text\": \"Calendar event successfully created.\",\n            \"wrap\": true\n        },\n        {\n            \"type\": \"FactSet\",\n            \"facts\": [\n                {\n                    \"title\": \"Event Title\",\n                    \"value\": \"@{outputs('Create_item')?['body/Title']}\"\n                },\n                {\n                    \"title\": \"Start Date\",\n                    \"value\": \"@{outputs('Create_item')?['body/EventDate']}\"\n                },\n                {\n                    \"title\": \"End Date\",\n                    \"value\": \"@{outputs('Create_item')?['body/EndDate']}\"\n                }\n            ]\n        }\n    ],\n    \"actions\": [\n        {\n            \"type\": \"Action.OpenUrl\",\n            \"title\": \"View event\",\n            \"url\": \"https://iammrrobot.sharepoint.com/sites/TestCommunicationSite/_layouts/15/Event.aspx?ListGuid=db844d5c-1cf3-4c1b-a4c4-5d42f942bc0a&ItemId=@{outputs('Create_item')?['body/ID']}\"\n        }\n    ],\n    \"$schema\": \"http://adaptivecards.io/schemas/adaptive-card.json\"\n}"},"schema":{"type":"object","properties":{"responseAdaptiveCard":{"title":"Response Adaptive Card","type":"string"}}}}},"Respond_in_Teams_task_module_2":{"runAfter":{"Create_item":["Failed","Skipped","TimedOut"]},"metadata":{"operationMetadataId":"d39b5cb6-1f5f-487d-8a5e-e111313aba65"},"type":"Response","kind":"Teams","inputs":{"statusCode":200,"body":{"responseAdaptiveCard":"{\n    \"type\": \"AdaptiveCard\",\n    \"version\": \"1.2\",\n    \"body\": [\n        {\n            \"type\": \"TextBlock\",\n            \"text\": \"Event creation failed\",\n            \"size\": \"Large\",\n            \"weight\": \"Bolder\"\n        },\n        {\n            \"type\": \"TextBlock\",\n            \"text\": \"Calendar event successfully failed.\",\n            \"wrap\": true\n        }\n    ],\n    \"$schema\": \"http://adaptivecards.io/schemas/adaptive-card.json\"\n}"},"schema":{"type":"object","properties":{"responseAdaptiveCard":{"title":"Response Adaptive Card","type":"string"}}}}}}},"connectionReferences":{"shared_teams":{"connectionName":"e0ea1b0e8dfe4b60bd407f30492cba75","source":"Invoker","id":"/providers/Microsoft.PowerApps/apis/shared_teams","tier":"NotSpecified"},"shared_sharepointonline":{"connectionName":"shared-sharepointonl-e4a3753b-e11c-459b-bf1d-a1e750779e71","source":"Invoker","id":"/providers/Microsoft.PowerApps/apis/shared_sharepointonline","tier":"NotSpecified"}},"flowFailureAlertSubscribed":false,"isManaged":false}}